date,strategy,nav,cash,invested,open_positions,nifty_close
2026-01-01,breakout_v1,1000000.0,0.0,1000000.0,5,26146.55
2026-01-02,breakout_v1,1002790.5,0.0,1002790.5,5,26328.55
2026-01-05,breakout_v1,995067.6,0.0,995067.6,5,26250.3
2026-01-06,breakout_v1,994385.3,0.0,994385.3,5,26178.7
2026-01-07,breakout_v1,982099.4,0.0,982099.4,5,26140.75
2026-01-08,breakout_v1,963230.42,0.0,963230.42,5,25876.85
2026-01-09,breakout_v1,950778.18,0.0,950778.18,5,25683.3
2026-01-12,breakout_v1,961203.71,0.0,961203.71,5,25790.25
2026-01-13,breakout_v1,965251.6,0.0,965251.6,5,25732.3
2026-01-14,breakout_v1,977011.69,0.0,977011.69,5,25665.6
2026-01-16,breakout_v1,977433.6,0.0,977433.6,5,25694.35
2026-01-19,breakout_v1,977847.87,0.0,977847.87,5,25585.5
2026-01-20,breakout_v1,944582.76,0.0,944582.76,5,25232.5
2026-01-21,breakout_v1,949249.09,0.0,949249.09,5,25157.5
2026-01-22,breakout_v1,954522.15,0.0,954522.15,5,25289.9
2026-01-23,breakout_v1,951517.63,0.0,951517.63,5,25048.65
2026-01-27,breakout_v1,967204.71,0.0,967204.71,5,25175.4
2026-01-28,breakout_v1,999307.41,0.0,999307.41,5,25342.75
2026-01-29,breakout_v1,1049635.22,0.0,1049635.22,5,25418.9
2026-01-30,breakout_v1,1024374.86,0.0,1024374.86,5,25320.65
2026-02-02,breakout_v1,972839.53,972839.53,0.0,0,25088.4
2026-02-03,breakout_v1,972839.53,0.0,972839.53,5,25727.55
2026-02-04,breakout_v1,970207.03,0.0,970207.03,5,25776.0
2026-02-05,breakout_v1,960466.31,0.0,960466.31,5,25642.8
2026-02-06,breakout_v1,956395.54,0.0,956395.54,5,25693.7
2026-02-09,breakout_v1,972270.5,0.0,972270.5,5,25867.3
2026-02-10,breakout_v1,970495.7,0.0,970495.7,5,25935.15
2026-02-11,breakout_v1,956880.91,0.0,956880.91,5,25953.85
2026-02-12,breakout_v1,946778.87,0.0,946778.87,5,25807.2
2026-02-13,breakout_v1,948231.72,0.0,948231.72,5,25471.1
2026-02-16,breakout_v1,957148.33,0.0,957148.33,5,25682.75
2026-02-17,breakout_v1,963256.24,0.0,963256.24,5,25725.4
2026-02-18,breakout_v1,956924.96,0.0,956924.96,5,25819.35
2026-02-19,breakout_v1,963795.02,0.0,963795.02,5,25454.35
2026-02-20,breakout_v1,968922.1,0.0,968922.1,5,25571.25
2026-02-23,breakout_v1,971479.24,0.0,971479.24,5,25713.0
2026-02-24,breakout_v1,972548.11,0.0,972548.11,5,25424.65
2026-02-25,breakout_v1,977540.2,0.0,977540.2,5,25482.5
2026-02-26,breakout_v1,978896.0,0.0,978896.0,5,25496.55
2026-02-27,breakout_v1,969602.07,0.0,969602.07,5,25178.65
2026-03-02,breakout_v1,966177.21,0.0,966177.21,5,24865.7
2026-03-04,breakout_v1,958805.27,958805.27,0.0,0,24480.5
2026-03-05,breakout_v1,958805.27,958805.27,0.0,0,24765.9
2026-03-06,breakout_v1,958805.27,958805.27,0.0,0,24450.45
2026-03-09,breakout_v1,958805.27,958805.27,0.0,0,24028.05
2026-03-10,breakout_v1,958805.27,958805.27,0.0,0,24261.6
2026-03-11,breakout_v1,958805.27,958805.27,0.0,0,23866.85
2026-03-12,breakout_v1,958805.27,958805.27,0.0,0,23639.15
2026-03-13,breakout_v1,958805.27,958805.27,0.0,0,23151.1
2026-03-16,breakout_v1,958805.27,958805.27,0.0,0,23408.8
2026-03-17,breakout_v1,958805.27,958805.27,0.0,0,23581.15
2026-03-18,breakout_v1,958805.27,958805.27,0.0,0,23777.8
2026-03-19,breakout_v1,958805.27,958805.27,0.0,0,23002.15
2026-03-20,breakout_v1,958805.27,958805.27,0.0,0,23114.5
2026-03-23,breakout_v1,958805.27,958805.27,0.0,0,22512.65
2026-03-24,breakout_v1,958805.27,958805.27,0.0,0,22912.4
2026-03-25,breakout_v1,958805.27,958805.27,0.0,0,23306.45
2026-03-27,breakout_v1,958805.27,958805.27,0.0,0,22819.6
2026-03-30,breakout_v1,958805.27,958805.27,0.0,0,22331.4
2026-04-01,breakout_v1,958805.27,958805.27,0.0,0,22679.4
2026-04-02,breakout_v1,958805.27,958805.27,0.0,0,22713.1
2026-04-06,breakout_v1,958805.27,958805.27,0.0,0,22968.25
2026-04-07,breakout_v1,958805.27,958805.27,0.0,0,23123.65
2026-04-08,breakout_v1,958805.27,958805.27,0.0,0,23997.35
2026-04-09,breakout_v1,958805.27,958805.27,0.0,0,23775.1
2026-04-10,breakout_v1,958805.27,958805.27,0.0,0,24050.6
2026-04-13,breakout_v1,958805.27,958805.27,0.0,0,23842.65
2026-04-15,breakout_v1,958805.27,958805.27,0.0,0,24231.3
2026-04-16,breakout_v1,958805.27,958805.27,0.0,0,24196.75
2026-04-17,breakout_v1,958805.27,958805.27,0.0,0,24353.55
2026-04-20,breakout_v1,958805.27,958805.27,0.0,0,24364.85
2026-04-21,breakout_v1,958805.27,958805.27,0.0,0,24576.6
2026-04-22,breakout_v1,958805.27,958805.27,0.0,0,24378.1
2026-04-23,breakout_v1,958805.27,958805.27,0.0,0,24173.05
2026-04-24,breakout_v1,958805.27,958805.27,0.0,0,23897.95
2026-04-27,breakout_v1,958805.27,958805.27,0.0,0,24092.7
2026-04-28,breakout_v1,958805.27,958805.27,0.0,0,23995.7
2026-04-29,breakout_v1,958805.27,958805.27,0.0,0,24177.65
2026-04-30,breakout_v1,958805.27,958805.27,0.0,0,23997.55
2026-05-04,breakout_v1,958805.27,958805.27,0.0,0,24119.3
2026-05-05,breakout_v1,958805.27,958805.27,0.0,0,24032.8
2026-05-06,breakout_v1,958805.27,958805.27,0.0,0,24330.95
2026-05-07,breakout_v1,958805.27,958805.27,0.0,0,24326.65
2026-05-08,breakout_v1,958805.27,958805.27,0.0,0,24176.15
2026-05-11,breakout_v1,958805.27,958805.27,0.0,0,23815.85
2026-05-12,breakout_v1,958805.27,958805.27,0.0,0,23379.55
2026-05-13,breakout_v1,958805.27,958805.27,0.0,0,23412.6
2026-05-14,breakout_v1,958805.27,958805.27,0.0,0,23689.6
2026-05-15,breakout_v1,958805.27,958805.27,0.0,0,23643.5
2026-05-18,breakout_v1,958805.27,958805.27,0.0,0,23649.95
2026-05-19,breakout_v1,958805.27,958805.27,0.0,0,23618.0
2026-05-20,breakout_v1,958805.27,958805.27,0.0,0,23659.0
2026-05-21,breakout_v1,958805.27,958805.27,0.0,0,23654.7
2026-05-22,breakout_v1,958805.27,958805.27,0.0,0,23719.3
2026-05-25,breakout_v1,958805.27,958805.27,0.0,0,24031.7
2026-05-26,breakout_v1,958805.27,958805.27,0.0,0,23913.7
2026-05-27,breakout_v1,958805.27,958805.27,0.0,0,23907.15
2026-05-29,breakout_v1,958805.27,958805.27,0.0,0,23547.75
2026-06-01,breakout_v1,958805.27,958805.27,0.0,0,23382.6
2026-06-02,breakout_v1,958805.27,958805.27,0.0,0,23483.55
2026-06-03,breakout_v1,958805.27,958805.27,0.0,0,23405.6
2026-06-04,breakout_v1,958805.27,958805.27,0.0,0,23416.55
2026-06-05,breakout_v1,958805.27,958805.27,0.0,0,23369.7
2026-01-01,momentum_v1,1000000.0,0.0,1000000.0,5,26146.55
2026-01-02,momentum_v1,1015191.28,0.0,1015191.28,5,26328.55
2026-01-05,momentum_v1,1008137.3,0.0,1008137.3,5,26250.3
2026-01-06,momentum_v1,1014729.64,0.0,1014729.64,5,26178.7
2026-01-07,momentum_v1,996805.22,0.0,996805.22,5,26140.75
2026-01-08,momentum_v1,963071.97,0.0,963071.97,5,25876.85
2026-01-09,momentum_v1,963655.85,0.0,963655.85,5,25683.3
2026-01-12,momentum_v1,988105.77,0.0,988105.77,5,25790.25
2026-01-13,momentum_v1,995309.29,0.0,995309.29,5,25732.3
2026-01-14,momentum_v1,1025340.23,0.0,1025340.23,5,25665.6
2026-01-16,momentum_v1,1021335.6,0.0,1021335.6,5,25694.35
2026-01-19,momentum_v1,1026017.6,0.0,1026017.6,5,25585.5
2026-01-20,momentum_v1,1016820.58,0.0,1016820.58,5,25232.5
2026-01-21,momentum_v1,1032213.7,0.0,1032213.7,5,25157.5
2026-01-22,momentum_v1,1022808.41,0.0,1022808.41,5,25289.9
2026-01-23,momentum_v1,1035775.25,0.0,1035775.25,5,25048.65
2026-01-27,momentum_v1,1063420.42,0.0,1063420.42,5,25175.4
2026-01-28,momentum_v1,1101454.61,0.0,1101454.61,5,25342.75
2026-01-29,momentum_v1,1164727.54,0.0,1164727.54,5,25418.9
2026-01-30,momentum_v1,1079969.05,0.0,1079969.05,5,25320.65
2026-02-02,momentum_v1,1014967.04,1014967.04,0.0,0,25088.4
2026-02-03,momentum_v1,1014967.04,14967.04,1000000.0,5,25727.55
2026-02-04,momentum_v1,1029947.3,14967.04,1014980.26,5,25776.0
2026-02-05,momentum_v1,999534.48,14967.04,984567.45,5,25642.8
2026-02-06,momentum_v1,992803.42,14967.04,977836.38,5,25693.7
2026-02-09,momentum_v1,1024719.18,14967.04,1009752.14,5,25867.3
2026-02-10,momentum_v1,1017799.82,14967.04,1002832.78,5,25935.15
2026-02-11,momentum_v1,1004797.13,14967.04,989830.09,5,25953.85
2026-02-12,momentum_v1,1011844.73,14967.04,996877.7,5,25807.2
2026-02-13,momentum_v1,991297.4,14967.04,976330.36,5,25471.1
2026-02-16,momentum_v1,990486.79,14967.04,975519.75,5,25682.75
2026-02-17,momentum_v1,982283.85,14967.04,967316.82,5,25725.4
2026-02-18,momentum_v1,992317.48,14967.04,977350.45,5,25819.35
2026-02-19,momentum_v1,992306.74,14967.04,977339.7,5,25454.35
2026-02-20,momentum_v1,1004809.65,14967.04,989842.61,5,25571.25
2026-02-23,momentum_v1,1005898.29,14967.04,990931.25,5,25713.0
2026-02-24,momentum_v1,1018398.86,14967.04,1003431.82,5,25424.65
2026-02-25,momentum_v1,1041487.29,14967.04,1026520.25,5,25482.5
2026-02-26,momentum_v1,1041317.31,14967.04,1026350.28,5,25496.55
2026-02-27,momentum_v1,1025277.46,14967.04,1010310.42,5,25178.65
2026-03-02,momentum_v1,1033671.19,14967.04,1018704.16,5,24865.7
2026-03-04,momentum_v1,1021032.73,1021032.73,0.0,0,24480.5
2026-03-05,momentum_v1,1021032.73,1021032.73,0.0,0,24765.9
2026-03-06,momentum_v1,1021032.73,1021032.73,0.0,0,24450.45
2026-03-09,momentum_v1,1021032.73,1021032.73,0.0,0,24028.05
2026-03-10,momentum_v1,1021032.73,1021032.73,0.0,0,24261.6
2026-03-11,momentum_v1,1021032.73,1021032.73,0.0,0,23866.85
2026-03-12,momentum_v1,1021032.73,1021032.73,0.0,0,23639.15
2026-03-13,momentum_v1,1021032.73,1021032.73,0.0,0,23151.1
2026-03-16,momentum_v1,1021032.73,1021032.73,0.0,0,23408.8
2026-03-17,momentum_v1,1021032.73,1021032.73,0.0,0,23581.15
2026-03-18,momentum_v1,1021032.73,1021032.73,0.0,0,23777.8
2026-03-19,momentum_v1,1021032.73,1021032.73,0.0,0,23002.15
2026-03-20,momentum_v1,1021032.73,1021032.73,0.0,0,23114.5
2026-03-23,momentum_v1,1021032.73,1021032.73,0.0,0,22512.65
2026-03-24,momentum_v1,1021032.73,1021032.73,0.0,0,22912.4
2026-03-25,momentum_v1,1021032.73,1021032.73,0.0,0,23306.45
2026-03-27,momentum_v1,1021032.73,1021032.73,0.0,0,22819.6
2026-03-30,momentum_v1,1021032.73,1021032.73,0.0,0,22331.4
2026-04-01,momentum_v1,1021032.73,1021032.73,0.0,0,22679.4
2026-04-02,momentum_v1,1021032.73,1021032.73,0.0,0,22713.1
2026-04-06,momentum_v1,1021032.73,1021032.73,0.0,0,22968.25
2026-04-07,momentum_v1,1021032.73,1021032.73,0.0,0,23123.65
2026-04-08,momentum_v1,1021032.73,1021032.73,0.0,0,23997.35
2026-04-09,momentum_v1,1021032.73,1021032.73,0.0,0,23775.1
2026-04-10,momentum_v1,1021032.73,1021032.73,0.0,0,24050.6
2026-04-13,momentum_v1,1021032.73,1021032.73,0.0,0,23842.65
2026-04-15,momentum_v1,1021032.73,1021032.73,0.0,0,24231.3
2026-04-16,momentum_v1,1021032.73,1021032.73,0.0,0,24196.75
2026-04-17,momentum_v1,1021032.73,1021032.73,0.0,0,24353.55
2026-04-20,momentum_v1,1021032.73,1021032.73,0.0,0,24364.85
2026-04-21,momentum_v1,1021032.73,1021032.73,0.0,0,24576.6
2026-04-22,momentum_v1,1021032.73,1021032.73,0.0,0,24378.1
2026-04-23,momentum_v1,1021032.73,1021032.73,0.0,0,24173.05
2026-04-24,momentum_v1,1021032.73,1021032.73,0.0,0,23897.95
2026-04-27,momentum_v1,1021032.73,1021032.73,0.0,0,24092.7
2026-04-28,momentum_v1,1021032.73,1021032.73,0.0,0,23995.7
2026-04-29,momentum_v1,1021032.73,1021032.73,0.0,0,24177.65
2026-04-30,momentum_v1,1021032.73,1021032.73,0.0,0,23997.55
2026-05-04,momentum_v1,1021032.73,1021032.73,0.0,0,24119.3
2026-05-05,momentum_v1,1021032.73,1021032.73,0.0,0,24032.8
2026-05-06,momentum_v1,1021032.73,1021032.73,0.0,0,24330.95
2026-05-07,momentum_v1,1021032.73,1021032.73,0.0,0,24326.65
2026-05-08,momentum_v1,1021032.73,1021032.73,0.0,0,24176.15
2026-05-11,momentum_v1,1021032.73,1021032.73,0.0,0,23815.85
2026-05-12,momentum_v1,1021032.73,1021032.73,0.0,0,23379.55
2026-05-13,momentum_v1,1021032.73,1021032.73,0.0,0,23412.6
2026-05-14,momentum_v1,1021032.73,1021032.73,0.0,0,23689.6
2026-05-15,momentum_v1,1021032.73,1021032.73,0.0,0,23643.5
2026-05-18,momentum_v1,1021032.73,1021032.73,0.0,0,23649.95
2026-05-19,momentum_v1,1021032.73,1021032.73,0.0,0,23618.0
2026-05-20,momentum_v1,1021032.73,1021032.73,0.0,0,23659.0
2026-05-21,momentum_v1,1021032.73,1021032.73,0.0,0,23654.7
2026-05-22,momentum_v1,1021032.73,1021032.73,0.0,0,23719.3
2026-05-25,momentum_v1,1021032.73,1021032.73,0.0,0,24031.7
2026-05-26,momentum_v1,1021032.73,1021032.73,0.0,0,23913.7
2026-05-27,momentum_v1,1021032.73,1021032.73,0.0,0,23907.15
2026-05-29,momentum_v1,1021032.73,1021032.73,0.0,0,23547.75
2026-06-01,momentum_v1,1021032.73,1021032.73,0.0,0,23382.6
2026-06-02,momentum_v1,1021032.73,1021032.73,0.0,0,23483.55
2026-06-03,momentum_v1,1021032.73,1021032.73,0.0,0,23405.6
2026-06-04,momentum_v1,1021032.73,1021032.73,0.0,0,23416.55
2026-06-05,momentum_v1,1021032.73,1021032.73,0.0,0,23369.7
2026-01-01,reversal_v1,1000000.0,1000000.0,0.0,0,26146.55
2026-01-02,reversal_v1,1000000.0,1000000.0,0.0,0,26328.55
2026-01-05,reversal_v1,1000000.0,1000000.0,0.0,0,26250.3
2026-01-06,reversal_v1,1000000.0,1000000.0,0.0,0,26178.7
2026-01-07,reversal_v1,1000000.0,1000000.0,0.0,0,26140.75
2026-01-08,reversal_v1,1000000.0,1000000.0,0.0,0,25876.85
2026-01-09,reversal_v1,1000000.0,1000000.0,0.0,0,25683.3
2026-01-12,reversal_v1,1000000.0,1000000.0,0.0,0,25790.25
2026-01-13,reversal_v1,1000000.0,1000000.0,0.0,0,25732.3
2026-01-14,reversal_v1,1000000.0,1000000.0,0.0,0,25665.6
2026-01-16,reversal_v1,1000000.0,1000000.0,0.0,0,25694.35
2026-01-19,reversal_v1,1000000.0,1000000.0,0.0,0,25585.5
2026-01-20,reversal_v1,1000000.0,1000000.0,0.0,0,25232.5
2026-01-21,reversal_v1,1000000.0,1000000.0,0.0,0,25157.5
2026-01-22,reversal_v1,1000000.0,1000000.0,0.0,0,25289.9
2026-01-23,reversal_v1,1000000.0,0.0,1000000.0,5,25048.65
2026-01-27,reversal_v1,985255.25,0.0,985255.25,5,25175.4
2026-01-28,reversal_v1,1009720.74,0.0,1009720.74,5,25342.75
2026-01-29,reversal_v1,999529.45,0.0,999529.45,5,25418.9
2026-01-30,reversal_v1,1007691.84,0.0,1007691.84,5,25320.65
2026-02-02,reversal_v1,996875.16,0.0,996875.16,5,25088.4
2026-02-03,reversal_v1,1040467.79,0.0,1040467.79,5,25727.55
2026-02-04,reversal_v1,1072055.59,0.0,1072055.59,5,25776.0
2026-02-05,reversal_v1,1042697.33,0.0,1042697.33,5,25642.8
2026-02-06,reversal_v1,1045622.78,0.0,1045622.78,5,25693.7
2026-02-09,reversal_v1,1123355.36,0.0,1123355.36,5,25867.3
2026-02-10,reversal_v1,1122948.32,0.0,1122948.32,5,25935.15
2026-02-11,reversal_v1,1147784.41,0.0,1147784.41,5,25953.85
2026-02-12,reversal_v1,1136784.89,0.0,1136784.89,5,25807.2
2026-02-13,reversal_v1,1100972.06,0.0,1100972.06,5,25471.1
2026-02-16,reversal_v1,1084037.27,0.0,1084037.27,5,25682.75
2026-02-17,reversal_v1,1093443.97,0.0,1093443.97,5,25725.4
2026-02-18,reversal_v1,1120541.67,0.0,1120541.67,5,25819.35
2026-02-19,reversal_v1,1113239.18,0.0,1113239.18,5,25454.35
2026-02-20,reversal_v1,1130191.67,0.0,1130191.67,5,25571.25
2026-02-23,reversal_v1,1127771.77,1127771.77,0.0,0,25713.0
2026-02-24,reversal_v1,1127771.77,1127771.77,0.0,0,25424.65
2026-02-25,reversal_v1,1127771.77,1127771.77,0.0,0,25482.5
2026-02-26,reversal_v1,1127771.77,1127771.77,0.0,0,25496.55
2026-02-27,reversal_v1,1127771.77,127771.77,1000000.0,5,25178.65
2026-03-02,reversal_v1,1121049.0,127771.77,993277.22,5,24865.7
2026-03-04,reversal_v1,1113961.45,127771.77,986189.68,5,24480.5
2026-03-05,reversal_v1,1115356.88,127771.77,987585.11,5,24765.9
2026-03-06,reversal_v1,1103257.91,127771.77,975486.13,5,24450.45
2026-03-09,reversal_v1,1084012.04,127771.77,956240.26,5,24028.05
2026-03-10,reversal_v1,1085394.48,127771.77,957622.71,5,24261.6
2026-03-11,reversal_v1,1091041.4,127771.77,963269.62,5,23866.85
2026-03-12,reversal_v1,1085977.32,127771.77,958205.55,5,23639.15
2026-03-13,reversal_v1,1069358.71,127771.77,941586.94,5,23151.1
2026-03-16,reversal_v1,1064095.29,127771.77,936323.52,5,23408.8
2026-03-17,reversal_v1,1070182.99,127771.77,942411.22,5,23581.15
2026-03-18,reversal_v1,1094717.87,127771.77,966946.09,5,23777.8
2026-03-19,reversal_v1,1065440.92,127771.77,937669.15,5,23002.15
2026-03-20,reversal_v1,1076217.67,127771.77,948445.89,5,23114.5
2026-03-23,reversal_v1,1038956.97,127771.77,911185.2,5,22512.65
2026-03-24,reversal_v1,1060377.37,127771.77,932605.6,5,22912.4
2026-03-25,reversal_v1,1094246.24,127771.77,966474.47,5,23306.45
2026-03-27,reversal_v1,1070312.96,127771.77,942541.18,5,22819.6
2026-03-30,reversal_v1,1028617.39,127771.77,900845.62,5,22331.4
2026-04-01,reversal_v1,1076680.42,1076680.42,0.0,0,22679.4
2026-04-02,reversal_v1,1076680.42,1076680.42,0.0,0,22713.1
2026-04-06,reversal_v1,1076680.42,1076680.42,0.0,0,22968.25
2026-04-07,reversal_v1,1076680.42,1076680.42,0.0,0,23123.65
2026-04-08,reversal_v1,1076680.42,1076680.42,0.0,0,23997.35
2026-04-09,reversal_v1,1076680.42,1076680.42,0.0,0,23775.1
2026-04-10,reversal_v1,1076680.42,1076680.42,0.0,0,24050.6
2026-04-13,reversal_v1,1076680.42,1076680.42,0.0,0,23842.65
2026-04-15,reversal_v1,1076680.42,1076680.42,0.0,0,24231.3
2026-04-16,reversal_v1,1076680.42,1076680.42,0.0,0,24196.75
2026-04-17,reversal_v1,1076680.42,1076680.42,0.0,0,24353.55
2026-04-20,reversal_v1,1076680.42,1076680.42,0.0,0,24364.85
2026-04-21,reversal_v1,1076680.42,1076680.42,0.0,0,24576.6
2026-04-22,reversal_v1,1076680.42,1076680.42,0.0,0,24378.1
2026-04-23,reversal_v1,1076680.42,1076680.42,0.0,0,24173.05
2026-04-24,reversal_v1,1076680.42,1076680.42,0.0,0,23897.95
2026-04-27,reversal_v1,1076680.42,1076680.42,0.0,0,24092.7
2026-04-28,reversal_v1,1076680.42,1076680.42,0.0,0,23995.7
2026-04-29,reversal_v1,1076680.42,76680.42,1000000.0,5,24177.65
2026-04-30,reversal_v1,1069566.2,76680.42,992885.78,5,23997.55
2026-05-04,reversal_v1,1070739.03,76680.42,994058.61,5,24119.3
2026-05-05,reversal_v1,1069533.21,76680.42,992852.79,5,24032.8
2026-05-06,reversal_v1,1087130.48,76680.42,1010450.07,5,24330.95
2026-05-07,reversal_v1,1083965.57,76680.42,1007285.16,5,24326.65
2026-05-08,reversal_v1,1104482.55,76680.42,1027802.14,5,24176.15
2026-05-11,reversal_v1,1106777.67,76680.42,1030097.25,5,23815.85
2026-05-12,reversal_v1,1075967.64,76680.42,999287.22,5,23379.55
2026-05-13,reversal_v1,1062092.72,76680.42,985412.31,5,23412.6
2026-05-14,reversal_v1,1045004.78,76680.42,968324.36,5,23689.6
2026-05-15,reversal_v1,1052029.02,76680.42,975348.6,5,23643.5
2026-05-18,reversal_v1,1066101.28,76680.42,989420.87,5,23649.95
2026-05-19,reversal_v1,1095395.4,76680.42,1018714.99,5,23618.0
2026-05-20,reversal_v1,1096687.44,76680.42,1020007.02,5,23659.0
2026-05-21,reversal_v1,1084319.34,76680.42,1007638.92,5,23654.7
2026-05-22,reversal_v1,1092654.44,76680.42,1015974.03,5,23719.3
2026-05-25,reversal_v1,1088065.38,76680.42,1011384.96,5,24031.7
2026-05-26,reversal_v1,1097998.48,76680.42,1021318.06,5,23913.7
2026-05-27,reversal_v1,1102880.83,76680.42,1026200.41,5,23907.15
2026-05-29,reversal_v1,1104900.68,104900.68,1000000.0,5,23547.75
2026-06-01,reversal_v1,1092759.8,104900.68,987859.11,5,23382.6
2026-06-02,reversal_v1,1097801.36,104900.68,992900.68,5,23483.55
2026-06-03,reversal_v1,1089336.94,104900.68,984436.26,5,23405.6
2026-06-04,reversal_v1,1086086.33,104900.68,981185.65,5,23416.55
2026-06-05,reversal_v1,1100479.81,100479.81,1000000.0,5,23369.7
